Customer ID,Age,Gender,Location,Income Level
1,65,Male,Martinezmouth,61083
2,43,Non-binary,South Anne,90419
3,58,Non-binary,West Darrellport,38260
4,53,Non-binary,Stevenshire,34649
5,69,Female,South Kellychester,70420
6,43,Non-binary,Lake Kevin,61902
7,43,Male,Lake Joseph,89845
8,26,Non-binary,Hernandezstad,57092
9,24,Non-binary,East Melanie,43329
10,37,Non-binary,Port Andrew,81745
11,68,Female,Stoneborough,18956
12,59,Female,North Ashley,10170
13,23,Non-binary,Port Vincent,46646
14,37,Male,Wallaceborough,17390
15,28,Other,East Sean,25993
16,69,Male,Andrewchester,73149
17,66,Other,East Jessica,95692
18,40,Non-binary,Port Garyside,22831
19,49,Non-binary,North Mathew,31656
20,41,Male,North David,77251
21,19,Non-binary,Paceview,53522
22,36,Male,Nicholeport,70027
23,59,Female,Troyshire,39173
24,43,Non-binary,East Connie,91140
25,59,Non-binary,East Elizabethton,44751
26,57,Non-binary,Port Stephen,95160
27,52,Other,West Brianland,88325
28,62,Female,Smithton,53558
29,64,Male,Colonshire,72997
30,68,Non-binary,East Haleyfurt,63150
31,26,Male,Lindsayborough,12118
32,64,Female,Martinezborough,67844
33,37,Male,South Nancy,90081
34,52,Other,Leonardchester,81438
35,30,Non-binary,Sarahside,62421
36,43,Non-binary,Port Melissamouth,40243
37,61,Non-binary,West Ryan,37105
38,55,Other,New Nathan,91891
39,54,Female,Meganchester,23580
40,63,Non-binary,West Rachelberg,17554
41,65,Other,Weststad,88639
42,33,Non-binary,Chasemouth,38663
43,56,Other,East Phillip,14934
44,67,Male,West Alexis,25782
45,27,Male,North Toniton,21899
46,55,Female,Deborahberg,67105
47,63,Non-binary,Port Daniel,60173
48,61,Male,East Jessica,43269
49,35,Other,Bowmanburgh,22105
50,27,Other,Scottstad,72655
51,57,Non-binary,Fisherton,52575
52,20,Other,Dianaton,19176
53,28,Female,Duartefort,77880
54,37,Non-binary,Jamesmouth,64733
55,24,Other,Meadowstown,90947
56,34,Female,Port Justin,29579
57,41,Other,North Michelleville,53181
58,58,Male,New Shawn,53715
59,53,Female,Port Sandra,80336
60,38,Other,Annamouth,59004
61,61,Other,Jenningsmouth,99097
62,68,Female,South Frank,41697
63,24,Male,Davidport,81456
64,41,Male,Port Daniel,56778
65,21,Male,Lukemouth,26780
66,43,Male,West Craigchester,61073
67,68,Male,West Matthew,31356
68,69,Female,Maxwellstad,23099
69,62,Other,Ronaldhaven,53056
70,54,Other,Guerreroborough,65483
71,63,Male,Port Josephmouth,40585
72,31,Other,New Debrafort,63413
73,22,Non-binary,Sherriton,55401
74,57,Other,East Monica,18759
75,49,Non-binary,North John,32990
76,36,Non-binary,Ginaport,40118
77,35,Other,New Dawnport,25655
78,62,Non-binary,Shawton,79128
79,44,Female,West Courtney,51975
80,39,Male,South Chelsey,62052
81,34,Female,Port Theresastad,52570
82,34,Male,Clarkmouth,52331
83,19,Female,Gibbsstad,44655
84,59,Non-binary,West Hayley,58808
85,41,Non-binary,South Brianberg,77213
86,44,Female,Port Brianland,31609
87,29,Male,Vanessamouth,13987
88,57,Other,North Joshua,84057
89,46,Male,Johntown,72793
90,33,Other,New Christopher,32266
91,69,Male,Jamesburgh,19989
92,28,Male,West Bradleystad,49054
93,20,Other,Port Marvin,23532
94,52,Female,Dawnmouth,64593
95,67,Male,East Catherine,30581
96,19,Female,East Richard,81512
97,69,Other,Daviesside,81580
98,57,Other,Cassandrastad,16697
99,42,Non-binary,Lake James,69957
100,48,Non-binary,Adammouth,20275
101,63,Other,Port Dustinmouth,98778
102,48,Other,North Nicholasville,50521
103,56,Male,East Elizabeth,93281
104,69,Non-binary,South Michael,73502
105,64,Male,Zhangfort,44861
106,20,Non-binary,Joshuastad,41308
107,58,Male,Youngborough,72443
108,34,Non-binary,Stephaniemouth,96740
109,30,Female,North Lori,68606
110,18,Non-binary,Marshallland,35332
111,46,Male,East Lindafurt,65240
112,40,Female,Lake Jason,60397
113,39,Other,West Renee,29418
114,55,Female,Port Brittanymouth,35472
115,20,Female,Lake Robertfurt,14709
116,46,Female,New William,71841
117,66,Non-binary,South Charles,13786
118,28,Male,North Brittanyland,28026
119,57,Male,East Melvin,77295
120,21,Non-binary,North Calebhaven,82238
121,61,Non-binary,West Philip,62208
122,35,Male,New Jenniferbury,57242
123,47,Other,Pughton,44883
124,43,Male,Daltonside,41799
125,62,Non-binary,Mcmillanmouth,48710
126,40,Other,South Jamesborough,46443
127,65,Male,North Yolanda,62814
128,22,Male,South Michaelfurt,83784
129,31,Female,Scotthaven,27951
130,61,Non-binary,Charlesstad,13316
131,69,Female,North Cody,11101
132,66,Female,New Billyville,46144
133,61,Male,Bethanyfurt,62776
134,28,Female,Lake Loriborough,76520
135,33,Female,Buckside,46410
136,38,Female,Lake Kylefort,24904
137,67,Other,New Brenda,21478
138,56,Non-binary,Melissafort,90872
139,23,Non-binary,Cherylburgh,19490
140,55,Non-binary,Johnsonton,54624
141,42,Non-binary,South Meaganburgh,32900
142,43,Non-binary,Adamschester,26443
143,56,Non-binary,New Danielland,99566
144,56,Other,New Matthewburgh,41913
145,24,Non-binary,Bernardshire,74591
146,55,Female,Michaelton,53412
147,29,Non-binary,Lake Brentborough,99418
148,18,Other,Yvonnetown,47373
149,66,Female,East Travischester,80668
150,53,Female,West Steven,34962
151,22,Female,South Patriciamouth,17241
152,59,Female,Heatherton,15807
153,37,Other,South Brian,64689
154,69,Other,Tiffanyshire,41071
155,34,Non-binary,North Stephanieview,41675
156,58,Female,Darrellstad,13751
157,32,Non-binary,New Crystal,33017
158,47,Male,Sheilaberg,55727
159,39,Other,West Michelleborough,21113
160,60,Non-binary,Conradburgh,93091
161,45,Non-binary,Lake Amandaview,38554
162,18,Male,North Tinaburgh,52956
163,53,Other,South Michaelmouth,88058
164,22,Female,Taylorhaven,63939
165,68,Male,Smithberg,19779
166,34,Female,Port Maryborough,64814
167,28,Male,Tyronefort,91722
168,52,Other,West Nathantown,70296
169,30,Female,Brownmouth,10181
170,53,Male,North Ronaldmouth,86360
171,66,Other,New Sarah,28077
172,57,Other,South Erinview,81036
173,20,Female,Barbaraborough,38898
174,25,Male,New Kevin,42521
175,60,Other,Port Billy,50263
176,44,Other,East Wayneton,14540
177,48,Non-binary,Hillside,43688
178,56,Female,Lindaburgh,99922
179,40,Other,New Zachary,18415
180,51,Female,Martinton,64883
181,48,Other,New Monica,99624
182,46,Non-binary,Shannonchester,39819
183,68,Non-binary,New Robin,20769
184,52,Male,Kristenside,78395
185,48,Male,South Derekside,47405
186,38,Non-binary,West Davidport,35710
187,50,Other,North Luisfort,22107
188,55,Male,Raymondside,78345
189,43,Female,Randyfurt,21038
190,64,Non-binary,Amyshire,66396
191,69,Male,West Michelle,93643
192,51,Female,New Paula,25122
193,46,Other,Hesterview,70510
194,21,Male,Ramosland,48329
195,43,Non-binary,Lake Diana,30069
196,19,Non-binary,Nicholaston,88739
197,25,Female,West Donnaberg,46672
198,43,Male,Nancymouth,13507
199,30,Female,New Diane,52443
200,30,Female,Littleview,18664
201,50,Male,North Williamville,74125
202,67,Non-binary,Reeseborough,47197
203,34,Female,South Amberton,63700
204,20,Male,Tranmouth,23436
205,48,Male,New Cherylville,88500
206,31,Male,East Craigfurt,53852
207,46,Male,Debbieview,37662
208,24,Other,Villegasfurt,78475
209,31,Other,North Rachelmouth,61141
210,57,Other,South Sabrinaside,58406
211,29,Other,Allenmouth,43445
212,58,Male,Wilsonshire,76958
213,50,Non-binary,New Christina,10468
214,42,Non-binary,Sarahville,60303
215,27,Male,Troymouth,19885
216,42,Other,Port Natalie,36764
217,30,Other,Richardburgh,66052
218,26,Female,Wandamouth,43224
219,26,Non-binary,East Elijah,20840
220,41,Male,Marshport,68623
221,53,Male,West Mariahshire,53124
222,21,Other,Joneshaven,21107
223,66,Female,East Caroline,81415
224,40,Male,East Jessica,40582
225,43,Male,New Patriciaside,85481
226,36,Female,North Brandonmouth,62013
227,42,Male,South Eric,93921
228,61,Non-binary,West Marcusland,67212
229,39,Non-binary,South Emmaview,37859
230,26,Non-binary,Smithhaven,24151
231,37,Other,East Linda,93000
232,23,Other,New Jessica,86145
233,38,Other,New Mathew,56591
234,65,Non-binary,New Debraview,25394
235,62,Non-binary,Richardsville,26946
236,63,Non-binary,Morastad,57911
237,50,Non-binary,Sarahmouth,44510
238,33,Non-binary,Hicksbury,65732
239,21,Female,Rickville,82508
240,45,Male,Moodymouth,52945
241,38,Non-binary,New Christopher,15679
242,23,Female,Tuckerchester,36317
243,52,Male,North Tina,61778
244,50,Non-binary,Lake Lisaberg,23078
245,62,Non-binary,Lake Kevin,15455
246,66,Other,Greenview,87474
247,49,Non-binary,Jimenezport,84921
248,59,Other,Lake Jessicahaven,80961
249,42,Non-binary,Cassandrahaven,21182
250,19,Other,Maureenmouth,50118
251,67,Non-binary,Haroldshire,16899
252,50,Non-binary,North Christopher,58078
253,57,Non-binary,South Donnaton,81663
254,62,Other,Port Valeriebury,62380
255,27,Other,Santosside,54791
256,62,Non-binary,South Victoriabury,19839
257,59,Non-binary,Figueroaburgh,65505
258,41,Other,New Tammy,74776
259,56,Other,Lake Eric,95669
260,25,Other,Amyfurt,27915
261,39,Non-binary,South Catherinechester,96826
262,31,Non-binary,Pateltown,42092
263,62,Female,East Megan,94640
264,68,Other,Brianfort,50590
265,67,Male,Port Michelle,50420
266,61,Non-binary,Lake Christopher,34579
267,54,Female,Williamsstad,11797
268,18,Female,Monicaport,32100
269,65,Non-binary,Lake Margaretland,87852
270,37,Other,Port Matthew,14590
271,63,Male,North Robertborough,57438
272,28,Other,West Lee,70248
273,37,Other,New Matthew,58061
274,32,Non-binary,South Jamesview,83222
275,23,Male,North Ethan,21018
276,64,Female,Robertview,99779
277,60,Other,West Amandafort,63310
278,69,Female,Martinhaven,34457
279,62,Non-binary,Lake Jeff,23416
280,26,Male,Shawnfort,74645
281,45,Female,East Johnshire,66390
282,24,Female,Cuevasview,30159
283,19,Female,Bakerton,73832
284,45,Male,North Josephton,38005
285,47,Female,Wareside,17033
286,52,Non-binary,Brownchester,22048
287,25,Non-binary,North Jonathan,27125
288,62,Female,Christinafurt,46977
289,68,Non-binary,Collierville,71209
290,60,Non-binary,Ryanchester,41961
291,46,Male,South Cassandra,57057
292,31,Other,Ashleyport,57881
293,36,Non-binary,New Joseph,47050
294,26,Male,South Toddbury,76247
295,67,Non-binary,Beverlyborough,97550
296,47,Other,Louismouth,95256
297,48,Non-binary,Brandiburgh,81113
298,41,Non-binary,South Gregory,95281
299,26,Non-binary,North Amyside,66124
300,24,Male,Barrymouth,70323
301,26,Other,East Anthonyborough,55431
302,19,Other,East Kyle,67093
303,47,Female,Nelsonville,20757
304,68,Female,Cynthiachester,24792
305,59,Other,Tonyhaven,17675
306,30,Other,Lake Larryland,23629
307,19,Non-binary,Juliemouth,29426
308,19,Other,East Bradleyside,21754
309,57,Other,West Jason,95927
310,23,Male,West Sheri,65434
311,25,Other,North Tina,38467
312,50,Non-binary,Port Ashley,11424
313,19,Non-binary,Stephenmouth,10465
314,54,Other,Port Williamshire,83615
315,41,Non-binary,Elliston,24166
316,49,Female,Hallhaven,88648
317,60,Other,Jenniferfurt,82856
318,21,Female,East Daniel,75797
319,29,Male,Andrewshire,20896
320,45,Non-binary,Wilsonport,12252
321,52,Female,North John,30755
322,38,Non-binary,Stevenstad,63563
323,51,Other,New Glendaport,96526
324,39,Other,Nolanberg,40883
325,62,Female,Nguyenmouth,84070
326,37,Non-binary,North Andreaburgh,16311
327,23,Female,West Jose,45131
328,40,Male,West Joseph,77593
329,21,Other,Simpsonmouth,33066
330,65,Non-binary,North Jeremyborough,69093
331,51,Female,Mollyshire,86369
332,50,Female,Nicholsberg,80860
333,24,Male,West Sabrina,78527
334,26,Male,Port Aaronville,22425
335,27,Male,North Tammietown,21285
336,25,Non-binary,South Rachel,44460
337,43,Other,North Justinbury,74038
338,65,Non-binary,East Gregory,25345
339,32,Male,Wilsonshire,52757
340,34,Male,New Amy,67258
341,24,Female,Yorkbury,40006
342,68,Female,Yvetteburgh,95993
343,19,Non-binary,Rebeccamouth,97902
344,34,Female,New Angela,72966
345,44,Male,Colehaven,96678
346,64,Other,Robertchester,55293
347,21,Male,Sabrinaside,53022
348,65,Female,Clarkburgh,12954
349,21,Male,South Jacob,65472
350,34,Other,Caseyton,96895
351,33,Non-binary,Heatherland,79345
352,34,Other,Port Michael,71539
353,44,Male,Port Briantown,93272
354,60,Female,Lake Edwardland,63488
355,21,Male,North Michael,50973
356,30,Other,Whitestad,23892
357,68,Female,Heathermouth,31907
358,39,Female,Jamesside,83851
359,31,Male,Matthewmouth,63757
360,49,Other,New Anthonyberg,34500
361,41,Other,North Dominic,41803
362,36,Female,West Breanna,13142
363,25,Male,New Susantown,26847
364,25,Other,Gardnerhaven,35244
365,28,Non-binary,Wallaceport,73168
366,60,Female,Jacobstad,77862
367,61,Non-binary,Elizabethhaven,32958
368,24,Non-binary,Joshuaport,47751
369,47,Female,Mcdonaldland,63032
370,23,Female,Stewartberg,96911
371,61,Female,Port Georgeville,50273
372,50,Non-binary,New Mary,62529
373,65,Female,North Jack,54620
374,53,Male,Bonnieberg,79604
375,32,Non-binary,Port Gary,91643
376,58,Non-binary,Kristinehaven,69355
377,34,Female,Port Sharonstad,60975
378,18,Other,Christianfort,46823
379,55,Non-binary,Michaelborough,61950
380,25,Female,Michealburgh,62641
381,48,Male,Cooperside,23357
382,39,Other,Kelseymouth,75006
383,60,Female,West Gregoryborough,58286
384,37,Non-binary,East Nancy,66972
385,19,Non-binary,West Tarafurt,70669
386,26,Non-binary,Daviesborough,18699
387,41,Non-binary,Jeremyview,35968
388,67,Other,East Sarahside,78832
389,57,Non-binary,Port Stephanieborough,30179
390,39,Male,Kristaland,63491
391,51,Non-binary,Port Aaronfurt,23940
392,59,Other,Deannaville,55440
393,30,Female,Lake Josephtown,34597
394,44,Non-binary,Aguilartown,79605
395,47,Non-binary,Colemanhaven,74170
396,38,Male,Lake Daniel,31487
397,32,Female,North Donnastad,37482
398,50,Female,North Josephtown,43275
399,32,Non-binary,Dianechester,98860
400,63,Other,Mackenzieshire,94088
401,61,Other,Johnsonborough,87656
402,61,Male,North Kimberly,66140
403,44,Other,Wendyburgh,26643
404,64,Female,Josephfort,85805
405,67,Non-binary,South John,35177
406,20,Non-binary,Hernandezmouth,39644
407,37,Male,Brownstad,43475
408,38,Other,Leestad,45995
409,33,Female,Sotoberg,80180
410,23,Male,Ianbury,78670
411,19,Male,Lake Patrick,63244
412,43,Other,Marilynhaven,72059
413,33,Other,Lake Karen,44140
414,47,Non-binary,Lucaston,17069
415,23,Non-binary,North Angela,70253
416,48,Other,Roseborough,40771
417,57,Other,Jeffersonton,65156
418,18,Other,Thomasburgh,63079
419,34,Female,Lake Arianaberg,37204
420,46,Non-binary,Castilloside,25270
421,30,Male,East Anthonyton,64136
422,44,Male,Josephtown,41396
423,62,Other,Paulshire,26420
424,62,Male,West Don,46243
425,32,Non-binary,Port Jonathonhaven,21343
426,41,Female,Kelseyland,14871
427,19,Non-binary,Port David,70235
428,46,Other,Smithberg,39764
429,41,Non-binary,New Michael,94583
430,21,Female,Maryton,28226
431,22,Male,North Royshire,43656
432,25,Male,Alvarezfort,99494
433,54,Male,New Donna,97023
434,53,Male,South Jessica,25978
435,55,Other,East Nathanshire,95796
436,47,Non-binary,South John,58978
437,50,Female,Lake Heidi,51773
438,25,Non-binary,West Annettetown,54797
439,63,Male,Hallville,64400
440,63,Non-binary,Bethanyfurt,35614
441,26,Male,Davisborough,54531
442,28,Non-binary,South Jorgeport,24468
443,49,Male,East Lauren,50463
444,42,Other,Lake Lisa,94715
445,24,Other,South Hannahborough,34935
446,69,Male,New Donald,56666
447,26,Female,North Mark,78463
448,54,Non-binary,New Virginiahaven,19034
449,34,Other,Port Gregg,76718
450,48,Non-binary,North Andrew,12401
451,60,Male,Lake Donnabury,47357
452,49,Female,Stevensonshire,85818
453,24,Other,Angelaland,53551
454,48,Non-binary,Nicolechester,79048
455,28,Other,South Amber,17322
456,22,Male,Thompsonshire,65244
457,34,Male,Hickston,74218
458,25,Female,Kimborough,16286
459,39,Male,Caseyburgh,57620
460,53,Non-binary,Sharonchester,38260
461,37,Non-binary,East Juliefort,14483
462,40,Other,Jerrymouth,18590
463,58,Female,New Mark,78295
464,33,Female,Pearsonmouth,59405
465,23,Female,New Angela,31116
466,31,Female,North Christina,57246
467,67,Other,North Paulstad,61121
468,37,Non-binary,Friedmanmouth,55200
469,25,Other,South Annaberg,45955
470,58,Non-binary,South Joseph,34706
471,50,Male,New Kathryn,61707
472,40,Female,Krausebury,56271
473,59,Male,East Paula,45356
474,63,Female,Williamstad,28570
475,63,Male,Johnsonland,57340
476,52,Male,Timothyside,78457
477,40,Other,South David,17544
478,24,Female,Kellyshire,96665
479,67,Other,Michaelbury,24078
480,65,Other,Port Jason,79934
481,57,Non-binary,Port Carlosshire,41469
482,62,Non-binary,Jamesshire,44257
483,38,Female,North Cynthiashire,85732
484,69,Female,Port Beverly,13911
485,18,Other,New Micheal,90316
486,55,Non-binary,Goodmanmouth,89328
487,66,Other,Hendersonbury,45165
488,27,Non-binary,North Joshua,56956
489,68,Non-binary,Port Michele,48688
490,21,Female,South Robertbury,45930
491,55,Non-binary,Steventown,77349
492,46,Female,Duarteside,33907
493,55,Other,Matthewland,39774
494,57,Non-binary,Lake Cynthia,60986
495,59,Male,East Alexander,91193
496,25,Male,Graystad,98281
497,44,Female,Smithchester,52222
498,41,Non-binary,West Melissa,20173
499,24,Male,Nathanchester,52126
500,32,Male,New Meghanmouth,77026
501,44,Other,New Austinfort,23233
502,34,Male,New Keith,61839
503,62,Male,Alyssabury,86770
504,47,Female,Johnsonland,34906
505,48,Non-binary,South Kimberly,63284
506,61,Male,North Brandon,87759
507,54,Other,Morrisbury,14935
508,62,Male,East Jeremy,59265
509,69,Non-binary,Nicholsonmouth,66168
510,62,Other,Dianechester,44066
511,20,Other,Rodrigueztown,74408
512,48,Non-binary,Maldonadoport,83182
513,27,Female,Jenniferville,34473
514,30,Other,South Heatherside,48172
515,55,Male,West Vanessa,76418
516,24,Male,Dominguezview,36050
517,61,Female,West Karla,92433
518,49,Male,North Jonathanburgh,25059
519,41,Female,North Jennifer,13358
520,68,Male,Port Amanda,87738
521,18,Other,North Larry,93302
522,60,Male,Port Eric,86921
523,67,Male,Jonathanside,50121
524,24,Other,Mckinneyport,24316
525,36,Non-binary,South Carriefurt,51760
526,64,Non-binary,Royland,28844
527,26,Female,New Anne,36341
528,30,Other,Brownstad,49459
529,29,Other,New Lisashire,29948
530,67,Non-binary,North Donna,65736
531,67,Female,Jasonville,61366
532,27,Female,Port Stephanietown,43990
533,56,Female,Powellfort,43104
534,48,Female,West Shawnborough,84795
535,49,Other,Kennethton,57793
536,52,Other,West Christopherstad,80271
537,69,Non-binary,Santoston,51858
538,29,Male,Smithton,73021
539,43,Non-binary,Morrismouth,10882
540,47,Female,New Leslie,64076
541,46,Non-binary,North Bobbybury,18443
542,54,Male,East Judy,89929
543,66,Other,East Davidside,71122
544,58,Non-binary,West Travisshire,93121
545,33,Non-binary,Morganmouth,51568
546,31,Other,Samanthaborough,98678
547,45,Female,Webbmouth,82244
548,27,Female,East Stephaniehaven,74674
549,25,Non-binary,Lake Stephanieland,30386
550,39,Female,Larsonberg,72616
551,48,Non-binary,Joseside,18885
552,54,Non-binary,Robertburgh,76055
553,37,Non-binary,Stacieton,51276
554,51,Non-binary,North Kathryn,99688
555,55,Male,Lake Ashleychester,44023
556,47,Male,Wiseton,47201
557,50,Other,Reyesshire,84003
558,62,Non-binary,Derrickburgh,38198
559,28,Non-binary,South Jessica,46441
560,53,Male,Harrisland,65943
561,55,Male,East Jillland,87182
562,37,Non-binary,Hendersonborough,51648
563,20,Female,Crystalhaven,14584
564,64,Female,South Steven,17312
565,37,Male,Larsenfort,69799
566,53,Non-binary,Brandonbury,79555
567,38,Female,South Josephmouth,68756
568,36,Female,Brentton,31541
569,40,Non-binary,Paulberg,91193
570,29,Non-binary,Port Alisonborough,52855
571,53,Non-binary,Mollyton,57015
572,30,Female,Donnabury,13805
573,35,Male,Port Vincent,19066
574,56,Male,West Christianfurt,70839
575,53,Male,New Debbiehaven,57146
576,32,Female,South Derek,99768
577,69,Other,West Angela,71815
578,24,Female,Port Nicholaston,67434
579,26,Non-binary,Port Oliviafurt,47559
580,51,Non-binary,Kevinside,45303
581,18,Male,South Joseph,60810
582,38,Male,West Sherriville,26194
583,24,Female,Michaelburgh,57841
584,18,Female,North Carolynton,64089
585,30,Female,North Richardstad,27736
586,32,Other,New Shelby,81504
587,50,Female,Mckinneyland,23369
588,69,Non-binary,North Anthony,91306
589,19,Male,Lake John,14928
590,63,Female,North Christopherville,86358
591,40,Female,Smithton,67901
592,58,Other,Port Christian,59266
593,30,Non-binary,North Bradleymouth,11743
594,33,Other,Lake Cherylfort,80647
595,32,Non-binary,Ashleyland,43450
596,35,Non-binary,Jamesfort,47119
597,26,Male,East Barryhaven,87349
598,63,Male,North Deborahtown,33436
599,48,Non-binary,Diazmouth,90528
600,68,Other,Lake Amanda,66795
601,56,Other,Jeffreybury,58314
602,32,Non-binary,Sanfordburgh,61267
603,60,Male,Lunamouth,79597
604,49,Male,Bradleyberg,86508
605,60,Non-binary,West Nicholas,50646
606,32,Non-binary,North David,77876
607,37,Non-binary,Moniquestad,25516
608,48,Non-binary,South David,72509
609,64,Female,Roseberg,77326
610,56,Male,Anthonyside,92512
611,39,Non-binary,Port Karl,92245
612,58,Female,Baxterfort,74729
613,65,Non-binary,Garciabury,40585
614,46,Male,West Charlesport,42451
615,61,Non-binary,North Travisfort,30026
616,43,Male,Kaylaport,88683
617,23,Other,Hancockborough,24774
618,53,Non-binary,Cooperhaven,47319
619,62,Male,South Philipchester,50926
620,42,Male,East Gregorystad,31318
621,30,Other,Holmeston,90993
622,33,Non-binary,Port Kari,77279
623,27,Other,Kellymouth,18990
624,56,Female,Lake Danielmouth,55658
625,24,Male,Port Rebeccaville,16427
626,67,Non-binary,Lake Allenland,69989
627,26,Male,Snowburgh,19904
628,25,Other,West Robert,77393
629,49,Other,Blackburnborough,83938
630,53,Male,Fergusonland,77006
631,35,Female,Leeside,57087
632,25,Non-binary,Parrishton,59357
633,40,Male,Kellyville,87833
634,36,Female,South Jonathan,26500
635,58,Female,Port Erinview,15509
636,66,Female,Lake Susanfurt,13207
637,56,Non-binary,Mitchellside,72001
638,48,Female,Dorothyville,41702
639,64,Female,South Misty,29130
640,66,Female,Thomaston,20512
641,28,Other,Lukestad,35800
642,29,Female,New Joseph,49814
643,41,Female,Buchanantown,14847
644,20,Other,West Robert,18621
645,42,Female,Sethport,66039
646,20,Other,Lake Alisonville,51919
647,34,Female,East Joseph,76096
648,69,Female,Parksport,76554
649,20,Male,Gordonview,49704
650,64,Male,Pughside,21690
651,55,Male,Lake Thomasville,82785
652,30,Other,Williamville,18533
653,63,Non-binary,Robbinsport,10496
654,52,Female,South William,35743
655,18,Male,South Jerry,80572
656,23,Female,Gregorystad,38188
657,45,Female,Sparksstad,86913
658,62,Other,Lake Madisonchester,70045
659,68,Other,Watkinsmouth,89518
660,38,Non-binary,Raymondtown,43298
661,63,Other,West Shelia,87947
662,36,Male,South Jeff,43445
663,24,Other,Aprilmouth,77076
664,46,Male,South Julialand,83469
665,64,Non-binary,Campbellmouth,82288
666,21,Female,Port Philliptown,84035
667,39,Male,Hartland,66441
668,43,Other,North Jennifer,84359
669,33,Female,Morrisborough,29404
670,39,Other,New Destinyhaven,72755
671,54,Other,Michaelborough,14706
672,20,Male,Port Stevenfort,88806
673,49,Non-binary,East Travis,87103
674,47,Other,Deborahchester,58398
675,58,Other,Jasonshire,30918
676,33,Male,Joneston,18588
677,20,Male,Houstonton,58215
678,24,Male,New Jasonmouth,96143
679,20,Other,Charlesfort,59761
680,64,Male,Donnaport,48116
681,55,Other,Tracychester,17058
682,51,Male,Annehaven,89943
683,43,Male,West Aliceville,71765
684,25,Other,Port Patrickville,74704
685,30,Male,Lake Kaylaton,97057
686,69,Male,Cowanton,43346
687,44,Non-binary,New Kelly,53095
688,52,Female,Scotthaven,13088
689,23,Non-binary,Maryside,43532
690,32,Non-binary,East Danaville,27080
691,40,Male,South Hunter,43609
692,68,Non-binary,East Michael,71942
693,45,Male,Lake Alexander,69779
694,44,Non-binary,East Donaldchester,70128
695,65,Non-binary,Gravesside,79021
696,56,Other,Chapmanton,15710
697,57,Non-binary,Joshuaport,51046
698,44,Male,Suzanneside,32616
699,59,Male,Lake Josephstad,75487
700,58,Non-binary,Monroebury,11483
701,37,Non-binary,Port Josephtown,33082
702,46,Non-binary,South Anthonyview,96365
703,26,Male,Lake Destiny,19370
704,30,Female,Lonniemouth,60978
705,30,Non-binary,Jonathanton,12625
706,23,Male,New Ronaldfurt,53630
707,21,Other,Tylerborough,37285
708,63,Non-binary,West Ryan,63296
709,21,Other,North Ryan,84680
710,30,Other,Whiteport,51675
711,20,Other,New Randallmouth,47670
712,60,Other,Sarahfort,74630
713,25,Non-binary,Barnesmouth,77046
714,26,Male,Kendraton,62674
715,62,Female,South Michaeltown,27159
716,43,Male,Anthonymouth,62858
717,69,Female,New Amanda,17231
718,18,Non-binary,East Cameronchester,73252
719,59,Non-binary,North Robert,50987
720,21,Other,East Reginald,17639
721,54,Other,West Nicholasville,73026
722,54,Other,West Michaelshire,56155
723,40,Female,New Denise,88822
724,42,Other,Lake Abigail,27640
725,19,Male,Port Marcus,17901
726,25,Male,North Sarah,78105
727,69,Non-binary,Lake Theresahaven,79143
728,60,Other,Brianshire,66865
729,36,Other,Morrisview,70851
730,64,Female,North Carmenchester,99788
731,50,Male,Lawrencestad,22056
732,24,Female,Webbville,40835
733,22,Female,Lake Cindybury,57380
734,62,Non-binary,Tonyport,34355
735,24,Male,Juarezmouth,50963
736,40,Non-binary,Port Johnton,41845
737,43,Female,Harringtonbury,98945
738,40,Male,Cohenmouth,40819
739,52,Male,New Amy,46807
740,31,Non-binary,South Alec,39500
741,37,Female,South Katieburgh,97932
742,31,Male,East Benjamin,24966
743,44,Male,North John,71906
744,36,Female,West Tonyhaven,16944
745,45,Female,South Annaland,40238
746,22,Non-binary,Bowenhaven,36796
747,69,Female,Port Brenda,97531
748,26,Female,Sandovalmouth,83104
749,30,Non-binary,Port Jenniferport,58274
750,46,Female,Port Andrew,62016
751,58,Other,South Alex,46934
752,34,Male,Douglasstad,86249
753,54,Other,Paulfurt,93481
754,23,Other,South Johnbury,80769
755,69,Other,South Brittanyburgh,26422
756,34,Male,Andrewtown,90319
757,58,Other,South Aaronberg,98055
758,37,Other,Veronicaport,86196
759,33,Non-binary,West Reginaport,25701
760,27,Male,North Tonyaburgh,35125
761,24,Female,West Austin,91798
762,25,Male,Griffintown,16279
763,32,Male,South Victoriabury,17649
764,35,Non-binary,Port Lindsayport,86121
765,66,Other,New Peter,48031
766,40,Female,North James,33589
767,40,Other,New Johnside,70808
768,31,Female,East Emily,10431
769,34,Other,West Robertmouth,82247
770,43,Male,Juliemouth,77193
771,29,Female,Jordanview,82085
772,20,Non-binary,Chavezberg,34205
773,51,Non-binary,Fisherport,55572
774,61,Other,West Maryburgh,27004
775,19,Male,Port Williamton,79932
776,33,Female,North Robertview,12815
777,31,Female,Lake Jeffery,82345
778,54,Non-binary,Lake Renee,50319
779,43,Other,Richardsstad,23561
780,41,Male,Rodriguezbury,71964
781,40,Male,Mariahmouth,44763
782,35,Other,South Michael,97347
783,67,Female,New Heather,11614
784,61,Male,New Darius,36996
785,26,Male,Singhport,89464
786,41,Female,New Mariofort,26421
787,19,Female,Brewerberg,24822
788,66,Non-binary,Lake Rebecca,20791
789,55,Female,North Josephton,27655
790,50,Other,Lake Lisa,60360
791,19,Other,East Lance,51525
792,20,Non-binary,Parkstown,80588
793,48,Non-binary,Richardburgh,43170
794,50,Female,Lake Loretta,15029
795,30,Other,Alvarezland,37961
796,59,Other,East Charlesfort,92628
797,65,Male,Scottburgh,32838
798,32,Other,West Jonathanfort,61163
799,69,Male,North Nathan,55319
800,43,Female,New Christinefurt,99895
801,27,Non-binary,Thomasmouth,79747
802,35,Male,West Megan,89898
803,35,Female,Williamsborough,77095
804,29,Male,Kimberlyberg,30782
805,37,Male,New Matthew,57755
806,58,Other,Latoyaside,12157
807,19,Female,South Angelashire,84118
808,63,Male,West Cameron,47741
809,30,Male,East Maxwellbury,64078
810,53,Female,New Gregoryton,16645
811,66,Other,North Brandy,64200
812,22,Other,Curtisside,97293
813,58,Other,East Michael,62147
814,59,Other,Stephaniechester,59267
815,66,Male,Lake Jose,72891
816,62,Other,West Seanburgh,64644
817,43,Other,Hartmantown,69523
818,22,Other,Matthewville,93601
819,44,Non-binary,East Jennifertown,97698
820,57,Female,New Alice,22968
821,69,Male,Nicholashaven,77357
822,25,Other,Duranland,49891
823,32,Other,Bennettside,12936
824,18,Non-binary,West Stephaniefort,49401
825,37,Female,Kurtmouth,37549
826,50,Non-binary,Collierport,71325
827,24,Other,Danieltown,19276
828,33,Non-binary,New Anne,54308
829,19,Non-binary,New Michael,87973
830,64,Non-binary,Port Samanthaland,65468
831,31,Female,Lake Joshua,60977
832,68,Male,Lake John,63704
833,20,Other,Lake Petermouth,64932
834,25,Other,New Wayne,60715
835,63,Other,Lauraside,59460
836,31,Female,Port Richard,54152
837,47,Other,Davisland,56463
838,67,Non-binary,Port Rebecca,31981
839,57,Non-binary,East Tylerhaven,30617
840,30,Other,Colemanfurt,87920
841,69,Other,Lake Timothyhaven,43645
842,34,Other,West Christopher,82225
843,54,Male,West Julie,39050
844,37,Non-binary,Lisachester,66144
845,49,Male,South Marcusshire,53682
846,67,Other,Kevinhaven,77628
847,39,Male,Deannafurt,62809
848,28,Male,Port Edward,15411
849,49,Male,Carmenburgh,24680
850,64,Non-binary,Trevorborough,11512
851,66,Female,New Stephanieside,69111
852,57,Non-binary,North Jasmin,12757
853,35,Non-binary,East Cassandrashire,20849
854,40,Male,Staceyborough,44187
855,50,Non-binary,Tamaraland,10334
856,38,Female,East Ashleytown,76808
857,28,Other,Anthonychester,83943
858,39,Female,Danabury,40594
859,24,Non-binary,South Helenhaven,10855
860,65,Male,Alejandromouth,92304
861,45,Non-binary,Dominicmouth,31802
862,41,Non-binary,North Sheila,90152
863,50,Male,East Shawnstad,29582
864,30,Non-binary,Lisaland,11890
865,29,Male,Port Aaronview,97429
866,54,Male,Waltonfort,97098
867,65,Non-binary,East Devin,54089
868,47,Female,Nicholsfurt,30027
869,29,Male,Anthonyport,28285
870,38,Other,Joshuamouth,86864
871,33,Non-binary,Lake Antoniomouth,76872
872,26,Female,Port Erin,14749
873,45,Male,New Tonyton,47370
874,46,Female,Timothyborough,61236
875,22,Female,Kingfurt,41753
876,49,Other,West Davidbury,53866
877,18,Other,Sarahfort,89850
878,27,Non-binary,New Stephen,92399
879,36,Non-binary,New Daniel,20622
880,28,Male,Tiffanymouth,96492
881,65,Non-binary,Gordonton,56754
882,61,Other,North Craig,55994
883,20,Female,Lake Michael,59415
884,46,Non-binary,North Tonyaport,82823
885,23,Female,Jasonfurt,56464
886,29,Male,New Debramouth,30290
887,60,Other,Jenniferville,50731
888,37,Non-binary,Langshire,83368
889,59,Female,Lake Tinatown,33034
890,58,Non-binary,East Glenda,20371
891,64,Other,Sheriside,81420
892,64,Female,Nathanborough,82890
893,48,Other,Noblestad,12888
894,53,Male,Stewartside,34450
895,19,Male,Garyfurt,67435
896,55,Non-binary,Terrellmouth,59466
897,19,Male,Poolestad,18165
898,29,Male,East Timothy,52977
899,44,Non-binary,South Ashley,15648
900,68,Female,Yubury,59302
901,26,Male,West Apriltown,75021
902,31,Non-binary,Wrightborough,73559
903,30,Female,South Brittany,85177
904,39,Male,Petersenland,50324
905,57,Non-binary,Port Jonathanside,62568
906,28,Male,West Jamestown,10119
907,45,Non-binary,New John,83127
908,24,Female,North Mark,15206
909,19,Female,Davidmouth,80308
910,43,Non-binary,Reneetown,73440
911,61,Non-binary,Davismouth,68982
912,28,Male,Danabury,39557
913,42,Male,New Joshuafurt,16608
914,21,Non-binary,West Lori,77991
915,46,Male,Cooketown,37952
916,48,Other,West Stephenburgh,31585
917,68,Female,Dawsonshire,65659
918,33,Other,Robertoport,38189
919,21,Other,West Thomas,72073
920,53,Male,Kylestad,42518
921,65,Male,North Joseph,93000
922,27,Male,Marcberg,10511
923,56,Female,South Jasonfurt,88584
924,43,Male,Jacquelineberg,56797
925,56,Other,Amyberg,46355
926,25,Non-binary,Sandrahaven,33687
927,20,Non-binary,Lake Russell,26320
928,41,Male,Darlenechester,11735
929,50,Non-binary,New Victoriachester,92924
930,36,Male,Richardmouth,23553
931,20,Male,Wilsonbury,74010
932,37,Female,Callahanfurt,15466
933,64,Male,Port Mark,23722
934,23,Non-binary,New Donaldstad,46584
935,66,Female,West Johnberg,79526
936,43,Female,Beckside,49510
937,60,Other,Watsonport,34994
938,19,Other,Kanestad,59571
939,51,Other,East Jessicabury,74974
940,43,Other,Patrickfurt,80961
941,69,Female,Gonzalesstad,19157
942,50,Male,Port Carlhaven,29639
943,18,Female,West Joseph,21562
944,64,Male,New Amandaville,64716
945,52,Non-binary,North Jennifer,37436
946,50,Other,North Heidi,41058
947,62,Other,New Johnview,60358
948,43,Female,Lake Aliciabury,97898
949,65,Non-binary,East Cynthiamouth,88558
950,20,Non-binary,Smithburgh,84893
951,28,Non-binary,Schwartzshire,36612
952,32,Non-binary,Anthonymouth,21049
953,55,Female,West Derrick,13271
954,59,Female,Zacharyland,20100
955,33,Other,Hartburgh,49709
956,30,Male,North Tyler,55598
957,20,Male,Port Amber,77106
958,50,Female,East Reneeton,66473
959,59,Non-binary,Oconnorshire,36336
960,24,Other,Beanberg,50723
961,18,Other,Sandrafort,82031
962,21,Male,Lake Maria,19059
963,41,Non-binary,New Philip,96507
964,63,Female,New Patrickfurt,90355
965,40,Female,Rhondaville,67202
966,49,Male,Port Christinaborough,64997
967,63,Other,Chasemouth,92197
968,53,Male,North Annafurt,88978
969,39,Non-binary,West Angelachester,97593
970,46,Other,West Virginiafort,54414
971,33,Other,Maryland,37949
972,42,Non-binary,Mitchellhaven,28746
973,63,Male,Alvaradomouth,60605
974,36,Non-binary,Thomasside,43061
975,40,Non-binary,Brianfort,71003
976,64,Non-binary,Robertsonmouth,90054
977,58,Female,Port Joel,94589
978,63,Non-binary,East Gwendolyn,31067
979,54,Non-binary,West Joseph,97778
980,32,Other,West Elizabeth,52954
981,40,Other,Allenview,31678
982,46,Non-binary,Andrewberg,51369
983,40,Female,Port Vanessashire,83577
984,28,Male,South Kristie,32353
985,31,Other,Martinchester,96177
986,28,Non-binary,North Holly,14374
987,32,Male,Dixonside,92921
988,41,Male,West Josephville,65143
989,58,Other,East Todd,86942
990,33,Other,West Sarah,26177
991,21,Non-binary,Lake Geraldborough,43875
992,45,Female,New Ashleyberg,98263
993,36,Female,Onealview,36350
994,52,Female,Lake Kelsey,86156
995,64,Male,Williamsberg,73767
996,42,Other,Crossside,81911
997,28,Other,Paulamouth,73131
998,49,Female,Glennborough,95539
999,58,Female,Port Marc,47256
1000,20,Other,Taylorport,50478
1001,28,Other,North Franciston,86523
1002,24,Other,West Jamesside,30591
1003,45,Non-binary,New Juan,62522
1004,22,Non-binary,Wrightchester,85865
1005,20,Male,East Margaretland,37552
1006,65,Non-binary,Morganberg,77360
1007,68,Non-binary,Jacobsshire,11610
1008,29,Non-binary,Mirandafort,79427
1009,42,Non-binary,Masonville,27198
1010,61,Female,Deanfort,10942
1011,56,Female,Michellefort,34172
1012,26,Female,Masseytown,17351
1013,34,Male,North Annetteborough,18362
1014,32,Other,Palmerstad,99134
1015,46,Other,Kyleborough,42028
1016,47,Other,Lake Meganton,41778
1017,36,Other,Andrewfurt,31167
1018,35,Other,Port Christopher,33612
1019,49,Non-binary,Clarkland,15802
1020,32,Other,Richardhaven,51574
1021,33,Female,Nicholasfort,68982
1022,24,Female,East Jenniferfurt,81998
1023,20,Female,Chanfurt,19360
1024,67,Male,Robertfurt,99372
1025,65,Other,East Scott,94159
1026,64,Male,South Justinborough,83573
1027,60,Non-binary,Johnsontown,11017
1028,51,Male,South Michelleburgh,19836
1029,57,Female,Mollyshire,91456
1030,51,Male,Amberport,98176
1031,58,Other,West Michaelburgh,32536
1032,45,Male,West Scottbury,19796
1033,26,Female,East Heatherfurt,84407
1034,41,Other,Brownchester,83087
1035,45,Non-binary,New Michaeltown,70818
1036,67,Non-binary,New Valerie,71032
1037,41,Male,Port Jessica,13946
1038,64,Female,Aaronfurt,34500
1039,28,Non-binary,Georgeport,74398
1040,65,Other,East Philip,91346
1041,64,Female,South Carltown,15544
1042,55,Other,Port Joshuafurt,73838
1043,19,Other,Woodsfort,52418
1044,55,Other,East Sherrytown,92330
1045,62,Male,Josephfurt,71560
1046,29,Female,Danielmouth,77021
1047,65,Male,Sandyville,78976
1048,39,Other,Skinnershire,24531
1049,63,Male,West Ruben,54298
1050,50,Female,West Carrie,97480
1051,32,Non-binary,Johnbury,67995
1052,31,Non-binary,West Jacob,47131
1053,67,Female,South Matthewton,58799
1054,58,Non-binary,Lake Michelleborough,65793
1055,49,Non-binary,Devinfurt,29114
1056,38,Male,West Bethbury,33251
1057,56,Male,Megantown,88727
1058,28,Male,East Rachelbury,44492
1059,35,Female,East James,57129
1060,29,Other,Higginsfurt,49961
1061,28,Non-binary,South Robertaside,89739
1062,40,Other,South Timothychester,81989
1063,25,Female,Kirstenchester,96906
1064,52,Other,Michaelmouth,79443
1065,56,Other,North Brianland,65438
1066,62,Female,Porterbury,44824
1067,67,Female,Munozmouth,85233
1068,21,Non-binary,West Shawn,94150
1069,36,Male,New Chad,23036
1070,63,Non-binary,Mckayberg,48402
1071,27,Female,North Michaelland,29754
1072,48,Female,Rogersbury,83202
1073,25,Female,Brandtview,56355
1074,50,Non-binary,West Richard,74625
1075,18,Non-binary,Port Linda,23369
1076,68,Non-binary,New Timothyborough,88078
1077,31,Other,North Christine,69095
1078,57,Male,South Crystalland,16452
1079,63,Male,Sethland,28323
1080,35,Male,Port Mariamouth,52380
1081,36,Non-binary,Nicholeland,30410
1082,40,Non-binary,Davisborough,15414
1083,51,Non-binary,Daniellefurt,39592
1084,66,Male,North Crystal,74531
1085,61,Female,New David,95832
1086,52,Non-binary,Nelsonborough,63656
1087,56,Female,West Jonathanview,57582
1088,43,Non-binary,Wardview,44859
1089,35,Female,Port Juliahaven,50555
1090,47,Female,Danielborough,90835
1091,39,Other,Hernandezburgh,91118
1092,23,Other,East Matthewstad,31895
1093,47,Non-binary,Port Raymond,12308
1094,24,Other,Perezmouth,11970
1095,53,Female,East Davidchester,97967
1096,45,Female,Philipview,74085
1097,40,Other,Davenportmouth,28968
1098,43,Male,South Patricia,13267
1099,68,Female,Salinasside,50781
1100,31,Other,Johnsonmouth,50256
1101,31,Male,West Moniquemouth,30891
1102,21,Male,South Mary,67670
1103,58,Non-binary,North Shannonbury,98889
1104,64,Non-binary,Goodwinmouth,66939
1105,24,Other,Kingport,42986
1106,40,Other,Kimberlyshire,35809
1107,51,Other,East Johnhaven,57495
1108,40,Non-binary,Fosterburgh,63699
1109,51,Non-binary,Billyhaven,84868
1110,47,Non-binary,Leechester,54704
1111,18,Male,Port Dawn,51244
1112,54,Other,New Angela,12436
1113,57,Male,New Katie,62234
1114,59,Male,Ronaldhaven,19902
1115,24,Female,Nobleberg,79591
1116,40,Male,West Kristenhaven,52864
1117,49,Male,Port Mitchell,12887
1118,24,Male,Lake Reneemouth,80114
1119,22,Other,Port Jessicaton,53025
1120,60,Male,Lake Samantha,93169
1121,54,Non-binary,Georgetown,61100
1122,39,Male,Lake Williamport,78681
1123,27,Male,East Christyborough,30940
1124,37,Male,South Jamesfort,17720
1125,44,Non-binary,South Kevinhaven,32370
1126,57,Male,East Robert,42942
1127,21,Male,Port Ronald,80381
1128,45,Male,Gallagherborough,73151
1129,50,Female,Lake Chad,85046
1130,59,Non-binary,East Stephaniebury,85864
1131,44,Other,North Saraborough,88360
1132,61,Non-binary,East Michael,44613
1133,48,Other,West Michael,41711
1134,54,Female,West Alexisburgh,52757
1135,47,Non-binary,Mooreside,39638
1136,66,Non-binary,New Jorgeborough,31230
1137,42,Other,Williamsborough,98724
1138,63,Female,Brewerview,42223
1139,62,Non-binary,South Jermaine,56024
1140,44,Non-binary,Lake Paul,78739
1141,38,Female,Bakerside,92968
1142,29,Male,New April,69358
1143,42,Non-binary,Richardside,40616
1144,63,Female,North Colinfurt,23910
1145,30,Female,New Alicia,62493
1146,35,Male,North Debbiehaven,86675
1147,60,Female,Keithside,81140
1148,66,Female,Deanmouth,41472
1149,52,Other,Williamston,59785
1150,24,Female,Howebury,37509
1151,38,Male,West Sandrafort,23394
1152,34,Female,Paulbury,53264
1153,62,Female,Allenfurt,19233
1154,55,Female,Shawnstad,62636
1155,24,Other,North Lisa,18209
1156,32,Non-binary,Michelleport,72342
1157,63,Male,Jamestown,36852
1158,50,Non-binary,Port Kristopher,53648
1159,63,Male,Port Paul,88603
1160,26,Female,Hallfurt,30942
1161,60,Male,Tonyaton,72760
1162,23,Other,Port Charleschester,36370
1163,23,Non-binary,Huertaport,73101
1164,21,Non-binary,West Andrewhaven,33786
1165,22,Male,Mannmouth,88834
1166,54,Male,Andersonstad,24479
1167,67,Non-binary,Port Cynthia,26812
1168,24,Other,Weissfort,10310
1169,57,Male,South Stephanieburgh,86152
1170,64,Other,East Morgan,99654
1171,67,Non-binary,Michellemouth,24328
1172,43,Female,Alexisbury,92413
1173,62,Non-binary,West Jeremyhaven,40256
1174,57,Male,Steeleburgh,86549
1175,27,Other,West Patriciaburgh,68785
1176,43,Other,New Susanland,68798
1177,59,Other,Turnershire,57860
1178,64,Female,Karenberg,20175
1179,53,Other,West Donna,68350
1180,19,Non-binary,Port Tiffanyberg,37757
1181,56,Other,Beckchester,81503
1182,49,Male,Port Breanna,60363
1183,56,Female,Romanberg,50351
1184,26,Other,Meyerside,99533
1185,41,Other,Tracyfort,81553
1186,54,Other,Courtneyhaven,95507
1187,26,Non-binary,Anatown,56136
1188,27,Other,Joshuamouth,54266
1189,40,Female,Medinamouth,33591
1190,64,Non-binary,South Charlestown,77935
1191,20,Male,Kathleenchester,52313
1192,25,Male,Samanthaside,96214
1193,35,Other,South Trevor,15026
1194,38,Female,Ronnieburgh,89177
1195,22,Non-binary,Lake Melissa,97464
1196,38,Female,Evansland,20525
1197,64,Female,Frankmouth,32651
1198,36,Female,Lake Candaceton,32830
1199,22,Female,Portershire,38921
1200,53,Non-binary,West Ronaldview,61916
1201,67,Non-binary,Davisborough,57037
1202,42,Non-binary,Lorimouth,68946
1203,63,Other,Lake Lindamouth,89123
1204,33,Female,Solomonberg,28570
1205,64,Female,Melissaton,42218
1206,62,Other,Burgessport,67623
1207,35,Non-binary,Jenniferland,98628
1208,53,Female,Port Jonathanmouth,30643
1209,37,Male,Elizabethstad,46340
1210,38,Female,Jasonfurt,13609
1211,61,Female,Wallfort,42004
1212,61,Non-binary,Lloydland,31799
1213,45,Other,North Carrieshire,14747
1214,66,Non-binary,Jennamouth,64104
1215,32,Other,West Karen,51135
1216,44,Non-binary,West Kyleburgh,81214
1217,50,Male,North Justinmouth,36847
1218,58,Female,North Nathanton,59740
1219,68,Other,Colleenborough,10221
1220,42,Male,North Jason,52963
1221,34,Male,East Charlesmouth,53419
1222,55,Female,East Robertstad,48840
1223,59,Non-binary,New Brandi,25330
1224,29,Male,Port Sharonside,62841
1225,48,Other,Lake Raymond,41612
1226,51,Other,Sandraberg,80800
1227,40,Non-binary,Howardmouth,97410
1228,50,Female,South Margaret,71303
1229,19,Female,Lake Austin,47269
1230,34,Non-binary,East Briana,20516
1231,46,Non-binary,North Tammy,84679
1232,39,Female,East Christopher,19581
1233,59,Male,Lorimouth,64586
1234,44,Male,North Sandra,87132
1235,54,Male,South Paulchester,37850
1236,23,Female,Jessicaville,53095
1237,50,Non-binary,Walkerville,61063
1238,67,Other,Lake Pedroshire,77232
1239,64,Male,Lake Jessica,24052
1240,24,Non-binary,Taylormouth,35087
1241,65,Other,Frankmouth,27057
1242,25,Other,Port Leslie,31336
1243,23,Male,Sethville,72107
1244,51,Male,Port Jesse,57198
1245,56,Non-binary,South Johnfurt,95255
1246,25,Non-binary,New Noahtown,85560
1247,63,Female,Port Cassandraborough,52517
1248,59,Non-binary,Suzanneland,44691
1249,18,Female,South Ruth,40997
1250,49,Other,Brianstad,42869
1251,22,Non-binary,Gomezmouth,41105
1252,35,Other,Jensenton,11600
1253,18,Female,Port Glendaville,45689
1254,19,Other,Pearsonshire,21810
1255,23,Non-binary,East Bruceside,16908
1256,53,Male,Thompsonton,38975
1257,18,Female,New Michellefurt,82762
1258,51,Other,South Melinda,95346
1259,63,Male,Williammouth,54682
1260,49,Other,East Stephentown,18554
1261,32,Other,Christinamouth,72641
1262,30,Male,Dennismouth,16116
1263,19,Female,Lake Alyssa,40003
1264,41,Male,West Cherylborough,84047
1265,50,Non-binary,South Xavierchester,25369
1266,69,Female,South Drewfort,25794
1267,63,Non-binary,Johnsonside,24461
1268,55,Other,Tylerland,12649
1269,29,Non-binary,New Bryanchester,52741
1270,29,Female,Thomasside,74666
1271,55,Non-binary,North Brian,83640
1272,67,Female,Kennethmouth,89910
1273,34,Male,Frederickshire,13296
1274,35,Non-binary,New Rebeccaburgh,15141
1275,26,Non-binary,Harrisonland,86013
1276,25,Male,New Courtneyhaven,83264
1277,24,Male,New Joshua,43565
1278,49,Non-binary,Zacharyfurt,30689
1279,33,Other,Johnnyburgh,22089
1280,51,Male,Jonesville,78076
1281,54,Other,Gordonshire,10636
1282,65,Female,Lake Willie,49285
1283,49,Non-binary,Lake Shelly,82956
1284,24,Other,New Danielstad,60660
1285,29,Other,West Karenton,46092
1286,27,Male,West Danielland,32063
1287,53,Male,Aprilton,76967
1288,44,Other,Port Shanemouth,65348
1289,59,Other,North Haroldtown,22945
1290,27,Male,Ernestfort,94001
1291,55,Other,South Suzannetown,34809
1292,34,Male,East Danielfort,49127
1293,39,Male,Shermantown,11001
1294,52,Non-binary,Hoganhaven,82546
1295,48,Non-binary,Jenniferport,14346
1296,44,Other,Hamptonfort,88841
1297,44,Male,West Stevenmouth,98637
1298,49,Female,Richardville,29860
1299,26,Male,Lake Royview,93150
1300,69,Other,Donaldfort,65445
1301,61,Other,Port Jasonmouth,42091
1302,62,Male,West James,41658
1303,45,Female,New Shirleyhaven,85415
1304,25,Male,New Cynthiaville,31034
1305,25,Male,Lake Christineshire,27890
1306,58,Other,Maureenview,93033
1307,36,Female,Christopherport,99760
1308,55,Female,Port Waynefurt,25611
1309,22,Female,Rebeccafurt,93195
1310,29,Other,Timothychester,42271
1311,19,Non-binary,East Cynthia,25687
1312,24,Other,Lake Jason,65412
1313,51,Male,Jenniferfurt,52934
1314,58,Non-binary,Joannaberg,75435
1315,58,Female,Amandachester,12175
1316,53,Female,Markstad,59035
1317,32,Non-binary,Barbarachester,37339
1318,62,Female,South Travisville,60440
1319,68,Male,Richardfurt,75829
1320,39,Male,Port Joshua,68704
1321,26,Male,North Johnnyfurt,41082
1322,42,Male,Taylorchester,46576
1323,45,Other,North Stephanie,58812
1324,55,Other,Jenniferburgh,72506
1325,57,Non-binary,South Jose,89081
1326,52,Other,Brownmouth,21822
1327,60,Female,Moodyview,73659
1328,54,Other,East Lisa,91586
1329,51,Female,Lake Kathryn,25497
1330,68,Non-binary,East Davidmouth,10213
1331,26,Other,Kathleenville,38783
1332,61,Female,Cindymouth,45213
1333,22,Other,West John,97115
1334,58,Female,Lake Michaelbury,22830
1335,52,Female,Bellfurt,18939
1336,58,Non-binary,West Walter,28683
1337,36,Other,Brandyton,14392
1338,60,Male,Lake Carl,30430
1339,68,Other,Lake Jenniferfort,67646
1340,61,Non-binary,South Rebeccamouth,46970
1341,50,Other,Lake Brandi,40167
1342,58,Female,New Melissa,26847
1343,25,Other,Lindaview,88853
1344,54,Other,Cameronfurt,41400
1345,55,Female,Port Charles,35864
1346,31,Other,Emilymouth,79565
1347,60,Female,Jeffreyberg,74748
1348,39,Male,Abigailtown,38714
1349,31,Other,Port Karen,24276
1350,31,Female,Martinezport,12494
1351,52,Female,Davisfort,64836
1352,38,Other,New Pamela,30709
1353,54,Other,Davidchester,30261
1354,33,Other,West Harold,30589
1355,57,Other,Vanessachester,95709
1356,38,Non-binary,Selenaborough,13630
1357,21,Female,West Yvettehaven,98767
1358,60,Non-binary,New Lance,43035
1359,43,Female,North Dwaynestad,60202
1360,19,Non-binary,West Jasonchester,51194
1361,64,Non-binary,Lopezborough,55910
1362,61,Non-binary,Dawsonmouth,84013
1363,27,Female,Morganmouth,43754
1364,21,Female,Yorkchester,56615
1365,45,Other,East Haleyfurt,89898
1366,31,Female,Port Stephenchester,83083
1367,39,Male,Kellermouth,86468
1368,20,Male,Gainesside,23720
1369,52,Other,Torresmouth,48062
1370,34,Female,South Tammyhaven,47336
1371,67,Non-binary,East Sara,47019
1372,29,Other,Lake Danielton,50652
1373,31,Other,Boltonbury,96927
1374,49,Non-binary,New Carlamouth,98229
1375,60,Non-binary,Ryanburgh,74418
1376,63,Other,New Kelli,99005
1377,27,Female,Alexandrabury,13604
1378,25,Female,North Jasmineburgh,51866
1379,22,Other,Ericfort,63955
1380,49,Non-binary,West Ginaton,12967
1381,34,Male,Lake Dianaland,68282
1382,68,Female,Finleytown,65560
1383,26,Non-binary,Lake Gabriella,42000
1384,65,Female,West Lawrence,69892
1385,69,Female,Kevinfort,28223
1386,56,Non-binary,Jasonfort,38900
1387,31,Female,Seanshire,62045
1388,58,Other,East Sarah,46484
1389,29,Female,Whiteside,99826
1390,24,Male,North Maryside,14128
1391,45,Female,Bobbyton,32365
1392,50,Non-binary,Ramirezburgh,93843
1393,59,Female,Greenburgh,63908
1394,18,Female,Bakermouth,62560
1395,38,Female,Wilkinsonmouth,72955
1396,37,Male,New Ross,87038
1397,24,Non-binary,South Loganhaven,56172
1398,29,Other,West Christopherport,94614
1399,51,Other,Meghanfurt,74395
1400,61,Male,Hickschester,83779
1401,55,Female,Randallview,44369
1402,23,Other,West Chadstad,64142
1403,22,Male,Fordbury,81390
1404,38,Non-binary,North Phillipport,24617
1405,45,Other,Abigailberg,52031
1406,68,Female,Campbellshire,85853
1407,48,Non-binary,Lake Erica,95454
1408,40,Non-binary,West Peterview,91746
1409,61,Other,Lake Eric,80640
1410,38,Female,Paulachester,30207
1411,20,Non-binary,Port Billychester,47338
1412,51,Non-binary,East Kellymouth,76733
1413,40,Female,Chavezmouth,53298
1414,21,Male,Debraside,43488
1415,60,Non-binary,Pattersonton,60010
1416,37,Male,South Rick,68114
1417,63,Non-binary,Port Jamesmouth,72765
1418,64,Non-binary,Annhaven,74946
1419,19,Other,Nealburgh,71102
1420,56,Male,Jaclynfort,48114
1421,55,Female,South Johnbury,89793
1422,54,Other,Kristineberg,88150
1423,36,Female,Laurenland,45917
1424,64,Male,East Alexis,69703
1425,45,Male,South Jason,15641
1426,32,Other,Rubenborough,70602
1427,59,Male,South Brett,62778
1428,29,Female,Lake Bethany,89284
1429,35,Other,South Ronaldbury,91057
1430,18,Other,North Andrew,14095
1431,45,Male,Bennettstad,56704
1432,31,Other,Aaronstad,39461
1433,67,Male,Wilsonmouth,36983
1434,42,Non-binary,West Lindseyside,66711
1435,69,Female,New Lindachester,27905
1436,29,Non-binary,New Krystalside,82739
1437,57,Non-binary,Watsonhaven,42810
1438,41,Non-binary,Morrishaven,14627
1439,53,Male,South Jacqueline,24378
1440,21,Non-binary,Lake Brittanyborough,51422
1441,21,Other,South Kristinland,25568
1442,66,Other,New Chad,99956
1443,56,Non-binary,Millsburgh,29663
1444,39,Other,Meadowschester,86963
1445,68,Male,Kristenburgh,24799
1446,57,Non-binary,South Danielbury,38025
1447,62,Non-binary,Lake Amandafurt,46237
1448,18,Female,Davidfort,66339
1449,67,Male,Clinefort,23604
1450,21,Female,Molinamouth,28165
1451,33,Female,Nguyenfort,33538
1452,32,Female,West Brandonville,40405
1453,19,Female,Susanville,63403
1454,23,Male,Tanyatown,77169
1455,32,Male,New Madison,92290
1456,53,Male,Robertville,88428
1457,35,Other,Robertview,94144
1458,37,Male,Dustinhaven,12870
1459,44,Non-binary,Jonesborough,77112
1460,26,Male,Brandonview,41658
1461,44,Female,Christopherton,89430
1462,38,Other,Marytown,37131
1463,65,Male,West Ericbury,18964
1464,29,Female,New Joshuamouth,86037
1465,60,Female,Rebeccamouth,98813
1466,63,Other,New Summerland,56631
1467,40,Other,Zacharyborough,64104
1468,62,Male,Jessicaborough,39050
1469,66,Other,Rayton,95355
1470,62,Male,Harveyfurt,41881
1471,37,Female,South Aimeeburgh,53527
1472,68,Male,Barnestown,84350
1473,64,Non-binary,Port Billyborough,94133
1474,59,Non-binary,Michaelberg,10587
1475,40,Other,Port Erikamouth,40578
1476,41,Other,Brendaport,48853
1477,32,Non-binary,West Kristenmouth,30394
1478,62,Female,Bushland,33001
1479,55,Other,New Charles,65071
1480,55,Male,Tannerchester,27230
1481,51,Male,West Roger,23057
1482,22,Non-binary,Kristinberg,31799
1483,43,Other,New Melinda,35748
1484,45,Other,East Samantha,29739
1485,58,Non-binary,Maldonadofurt,32946
1486,60,Male,Wrightport,37279
1487,49,Non-binary,Port Christopher,62798
1488,24,Male,Penaborough,22047
1489,30,Other,New Stephenside,34600
1490,58,Male,Stantonshire,62700
1491,41,Male,Port Ericafort,96446
1492,18,Non-binary,Kruegerville,89063
1493,52,Male,Smithchester,67020
1494,33,Male,North Andrea,67018
1495,69,Female,Williamfort,21196
1496,20,Female,Grayville,34803
1497,63,Female,Ericksonberg,20942
1498,58,Male,Cannonborough,32766
1499,39,Non-binary,South Courtneyland,34664
1500,30,Non-binary,Hughesshire,19907
